Client ID,Sector,Exposure,PD
1001,Healthcare,314519,0.14942309446827504
1002,Healthcare,428503,0.012878656825208421
1003,Healthcare,252841,0.031089009374109685
1004,Technology,53910,0.14981656133403928
1005,Industrials,438757,0.06805839000679074
1006,Healthcare,425509,0.12315102867500463
1007,Energy,125107,0.12409847188196353
1008,Financials,360193,0.011258766274246688
1009,Healthcare,71070,0.05529987293388089
1010,Healthcare,313234,0.12043374509318981
1011,Industrials,483502,0.031209772107926626
1012,Healthcare,451249,0.012456340477039949
1013,Energy,332363,0.05652227435037439
1014,Industrials,489137,0.014708886085772352
1015,Healthcare,283587,0.07773894040990044
1016,Technology,72397,0.12661313566850296
1017,Energy,100842,0.01721507117869564
1018,Energy,231248,0.1140626475840453
1019,Industrials,15268,0.10818746162705763
1020,Financials,170184,0.06865703046463502
1021,Energy,262044,0.022978410038899666
1022,Energy,324077,0.13003049512781004
1023,Energy,444660,0.046795068856360277
1024,Retail,197423,0.024579266740595965
1025,Technology,285039,0.14375331527900398
1026,Energy,163270,0.14417676873818902
1027,Energy,395638,0.020401768743564468
1028,Retail,437430,0.03727142586801847
1029,Retail,271162,0.058905595623142674
1030,Healthcare,486012,0.009069508552633878
1031,Healthcare,243791,0.10245307707526492
1032,Energy,191448,0.11004947430461649
1033,Healthcare,396115,0.14298855664564372
1034,Retail,181328,0.04260499876549871
1035,Healthcare,139513,0.1461517363544784
1036,Financials,315059,0.027372945134515717
1037,Healthcare,40303,0.13393323816548097
1038,Healthcare,420264,0.13448650083312205
1039,Retail,77087,0.11405711190346035
1040,Industrials,393272,0.046154296402114735
1041,Technology,256500,0.031981248613777005
1042,Industrials,407716,0.033631703490004494
1043,Industrials,324130,0.0731424637037406
1044,Financials,286861,0.01234876425100732
1045,Industrials,293373,0.016392018016142807
1046,Retail,471162,0.04552545555816856
1047,Industrials,326184,0.00659653070156811
1048,Healthcare,271533,0.11535307745052709
1049,Technology,291535,0.06424456284963352
1050,Financials,199035,0.12788782412632788
1051,Industrials,224321,0.040592436462485386
1052,Healthcare,172346,0.07210411292392588
1053,Energy,486388,0.02980956113176357
1054,Industrials,201930,0.030020462457016114
1055,Industrials,202080,0.0992335778147797
1056,Retail,280924,0.044524068277025486
1057,Energy,111825,0.08667839178931484
1058,Healthcare,310102,0.12644486015032308
1059,Healthcare,295638,0.10443917597781183
1060,Industrials,293678,0.06058564645818878
1061,Energy,244139,0.07476122060351784
1062,Industrials,434214,0.08101387556949174
1063,Technology,409949,0.07011469722093966
1064,Technology,109774,0.08281081561946355
1065,Industrials,378863,0.1406369936369597
1066,Energy,48412,0.08663488847111711
1067,Retail,318322,0.012060210742506456
1068,Financials,374699,0.08768125156278758
1069,Technology,343662,0.05661964510224701
1070,Financials,363457,0.04126538516554446
1071,Financials,171251,0.03334016442840485
1072,Industrials,357855,0.04626785771899331
1073,Energy,218821,0.04132335870805484
1074,Retail,403408,0.022433643848372327
1075,Financials,124863,0.10112685773284724
1076,Financials,75753,0.06104177820415604
1077,Healthcare,438898,0.03175443288091011
1078,Industrials,123476,0.040751958900646666
1079,Retail,426215,0.14804624465302274
1080,Retail,67529,0.08139873762777247
1081,Industrials,298650,0.1018486927100424
1082,Industrials,267201,0.014044843980874005
1083,Healthcare,28420,0.06883111784482344
1084,Industrials,175582,0.059612551023617705
1085,Industrials,268339,0.11451784932507975
1086,Industrials,243726,0.07650668034169719
1087,Retail,384889,0.08782188811347627
1088,Retail,230296,0.08575233247983108
1089,Industrials,260250,0.012898152502739312
1090,Financials,332255,0.00971584042921549
1091,Healthcare,70923,0.006104604593101233
1092,Energy,449483,0.08538907578293799
1093,Retail,447319,0.05242025450167653
1094,Financials,334403,0.08871541918755277
1095,Healthcare,397905,0.1475894265069722
1096,Retail,481619,0.09349133350424213
1097,Industrials,85943,0.08739015301941414
1098,Energy,410765,0.00791427915538686
1099,Industrials,247851,0.12197889210264674
1100,Retail,351554,0.07618342842376401
1101,Energy,159400,0.07065873519223811
1102,Healthcare,14053,0.04733800426193996
1103,Technology,347659,0.03646120178372037
1104,Financials,97854,0.11820497751973097
1105,Healthcare,160363,0.06700553355409454
1106,Financials,420216,0.12640508925790453
1107,Retail,75393,0.03890682561162373
1108,Energy,78913,0.09677220285273516
1109,Retail,170832,0.061086221798458656
1110,Industrials,249486,0.051044295751231504
1111,Technology,381249,0.0410641679479333
1112,Industrials,42895,0.02736924372787358
1113,Industrials,466576,0.046110835296051166
1114,Healthcare,356515,0.021883965826132775
1115,Healthcare,247684,0.07103775753625247
1116,Energy,364086,0.10525359512399379
1117,Industrials,181259,0.14276379269469006
1118,Technology,342547,0.06184206984279196
1119,Healthcare,473146,0.11225643460472412
1120,Retail,395180,0.0319670543253401
1121,Technology,472067,0.10123928296724531
1122,Retail,457358,0.0511680131124868
1123,Technology,153307,0.12730397602965354
1124,Financials,339984,0.09101801416257535
1125,Healthcare,240338,0.0749685312515862
1126,Industrials,120112,0.1381392432052763
1127,Industrials,67145,0.055302310172833845
1128,Healthcare,179602,0.06007666869456697
1129,Retail,265954,0.10860525208820282
1130,Industrials,404565,0.142148016045741
1131,Technology,120364,0.09533499906553099
1132,Energy,221483,0.13874434317711995
1133,Industrials,364294,0.03798544897961495
1134,Industrials,180972,0.10879251804138405
1135,Technology,475658,0.01168597951150974
1136,Energy,292886,0.013425422800517426
1137,Healthcare,33890,0.009843020859225601
1138,Industrials,286617,0.046056420658577575
1139,Financials,148575,0.12461568664811802
1140,Energy,373879,0.030476568899675382
1141,Retail,40210,0.04829797190143465
1142,Energy,153206,0.10799715016607653
1143,Healthcare,476955,0.10391722164846229
1144,Technology,139425,0.14566179839712634
1145,Financials,268672,0.0982188961776425
1146,Technology,298618,0.027744527404653677
1147,Financials,447200,0.02704415645696644
1148,Technology,225117,0.0380147866123723
1149,Energy,89262,0.06597331241933588
1150,Retail,56400,0.09881326262509832
1151,Technology,313389,0.033430726821483306
1152,Financials,381163,0.026632577503301776
1153,Industrials,28273,0.02650648169677209
1154,Industrials,423133,0.05423799271247778
1155,Industrials,351498,0.03766525096746793
1156,Energy,416573,0.12225330135972957
1157,Industrials,310465,0.07202052319503141
1158,Energy,133695,0.07342275311048442
1159,Financials,99865,0.036933575288970434
1160,Financials,464075,0.011478655995557897
1161,Healthcare,285637,0.061653891098515594
1162,Retail,75688,0.05811810427636054
1163,Technology,84401,0.033164794763996516
1164,Retail,72509,0.01594537656541286
1165,Healthcare,326735,0.02509854141055392
1166,Retail,484995,0.029202346110519143
1167,Technology,219808,0.12223221808414249
1168,Industrials,403210,0.08654661113861331
1169,Financials,130596,0.04576218014701881
1170,Financials,324412,0.1347205666447311
1171,Financials,241575,0.06326493610387998
1172,Financials,385600,0.025669344577170603
1173,Industrials,435951,0.14093129786452602
1174,Healthcare,461130,0.08761293857892805
1175,Technology,149717,0.017445609233898134
1176,Energy,330984,0.14391731125944404
1177,Energy,443769,0.0867607966863343
1178,Financials,322398,0.02679110411254094
1179,Technology,482214,0.1253664545091297
1180,Technology,209644,0.11378134379843469
1181,Energy,288828,0.013022591334433793
1182,Technology,176315,0.02798540162527273
1183,Industrials,236217,0.09047332729498901
1184,Retail,382630,0.08474564399472115
1185,Technology,231330,0.12645997153981878
1186,Financials,41863,0.07976695433893038
1187,Industrials,477766,0.1243356003229815
1188,Energy,216536,0.031853596421393605
1189,Technology,488689,0.11846511050916184
1190,Healthcare,185053,0.14866998347389718
1191,Energy,461648,0.010387391078739965
1192,Financials,419319,0.12881738671583398
1193,Industrials,338475,0.05703018511484595
1194,Healthcare,426992,0.061402662117771116
1195,Healthcare,240748,0.014422394759436592
1196,Industrials,441233,0.1403151235324012
1197,Energy,411650,0.015163483694594596
1198,Healthcare,302120,0.12448575637056238
1199,Energy,15193,0.007766225408492009
1200,Financials,28966,0.1318421139035566
1201,Industrials,17600,0.029795115775110678
1202,Healthcare,10301,0.014956223548743666
1203,Retail,141127,0.0859381428313654
1204,Technology,333207,0.11049601938554295
1205,Energy,25887,0.007503261743554337
1206,Financials,135470,0.13705182652446973
1207,Financials,364195,0.08337125212600327
1208,Energy,31242,0.12317705260676096
1209,Retail,482448,0.08563818509785356
1210,Retail,208979,0.055674219574734174
1211,Healthcare,353304,0.04844686108752034
1212,Energy,63862,0.05502024871758236
1213,Energy,187257,0.0173642993515615
1214,Technology,423229,0.01319680567829394
1215,Retail,145574,0.14820902375942419
1216,Energy,74034,0.10867448250192235
1217,Healthcare,454643,0.013378760664728137
1218,Industrials,14113,0.11529571170676917
1219,Healthcare,154374,0.0787542764980836
1220,Retail,499179,0.038675304333315
1221,Financials,105685,0.0837261233348984
1222,Energy,17535,0.049461325412953956
1223,Financials,480909,0.05810979895434492
1224,Retail,255990,0.029755437172484214
1225,Industrials,22071,0.044675209786529835
1226,Retail,35997,0.03205830459905178
1227,Industrials,135488,0.14717469940077796
1228,Technology,36147,0.11096565628053329
1229,Energy,420066,0.1338165786899329
1230,Energy,439965,0.025676885352903484
1231,Healthcare,353750,0.10648217952754707
1232,Industrials,106985,0.0761137558392443
1233,Healthcare,365712,0.08298618744229126
1234,Healthcare,412971,0.012694534787084433
1235,Healthcare,377042,0.11832546889883863
1236,Retail,167947,0.10454915722061799
1237,Technology,171126,0.11085532869943486
1238,Financials,54529,0.10286797688444303
1239,Retail,173485,0.0066199824051825906
1240,Technology,74501,0.12656689410711083
1241,Retail,87510,0.13349144617983508
1242,Industrials,27849,0.10338490072458638
1243,Industrials,244329,0.09629005178407846
1244,Technology,403359,0.07385203225945304
1245,Financials,401561,0.11415360399040612
1246,Industrials,359865,0.08229371797606407
1247,Industrials,131079,0.011273670627669482
1248,Financials,147578,0.14452563099146765
1249,Industrials,165639,0.12588705088995863
1250,Retail,332684,0.04666468482885562
1251,Technology,388425,0.04455801992984116
1252,Technology,454235,0.14864321170680697
1253,Technology,396909,0.1446184755358366
1254,Healthcare,449041,0.022335559358716568
1255,Healthcare,48609,0.09512845233834293
1256,Financials,260573,0.1349828035115642
1257,Technology,206049,0.11519886217773043
1258,Financials,102848,0.08782425763699056
1259,Healthcare,66169,0.05492294041765434
1260,Financials,395094,0.12387755961439326
1261,Financials,147580,0.06747667187896092
1262,Technology,166821,0.10515560376312469
1263,Energy,209931,0.13242295401190476
1264,Retail,463434,0.06888434011021873
1265,Healthcare,237633,0.05946750562567225
1266,Financials,241010,0.14238042542360793
1267,Industrials,292638,0.011729209708883234
1268,Technology,134519,0.07691431726335397
1269,Industrials,90630,0.032809509488709324
1270,Retail,350133,0.13675549141410373
1271,Financials,260977,0.025802340815483216
1272,Energy,171752,0.04345948255726142
1273,Energy,424418,0.07995632689623738
1274,Industrials,306186,0.09924541278150559
1275,Industrials,229766,0.031057199693474105
1276,Industrials,243380,0.059415175398912674
1277,Retail,381718,0.05610935885333368
1278,Retail,156678,0.11071404767170565
1279,Healthcare,366443,0.1440215129004943
1280,Retail,335989,0.06774384388207981
1281,Industrials,56138,0.010613089210056593
1282,Energy,309476,0.1362844465647787
1283,Financials,26964,0.09774053407318377
1284,Healthcare,466945,0.11036282502120005
1285,Industrials,102008,0.10199706121180921
1286,Retail,87096,0.09260011209767557
1287,Financials,388477,0.05170902570198256
1288,Financials,498071,0.13919986549562266
1289,Technology,86786,0.06561154718659379
1290,Financials,497094,0.035757825965936386
1291,Industrials,216679,0.08844091004152799
1292,Industrials,157137,0.1309551051612096
1293,Technology,119923,0.11150959656654802
1294,Financials,434456,0.13221872080196173
1295,Energy,26376,0.006936651170895088
1296,Financials,245817,0.016809519157820422
1297,Healthcare,144201,0.08492504197040139
1298,Retail,147504,0.029880654610476468
1299,Healthcare,34222,0.1480237518308059
1300,Energy,320681,0.07007680444339476
1301,Energy,451347,0.12705525733091272
1302,Technology,141735,0.10369760474386466
1303,Retail,257041,0.0700093122385555
1304,Retail,173865,0.14278885341520697
1305,Industrials,294508,0.08483590020489279
1306,Healthcare,367568,0.03403999347060435
1307,Energy,493382,0.030031856954224362
1308,Industrials,299018,0.04115528506782471
1309,Technology,396236,0.12899709947819307
1310,Retail,366228,0.05471717920198523
1311,Industrials,88179,0.050901394407422175
1312,Healthcare,354417,0.14071579812132912
1313,Industrials,196048,0.04028343337515428
1314,Retail,40196,0.07543232870891729
1315,Energy,140352,0.12092437810658838
1316,Financials,112978,0.04402964724840247
1317,Industrials,435683,0.02226165027043558
1318,Healthcare,456583,0.05745406077713436
1319,Energy,494156,0.10403223549241342
1320,Retail,457870,0.01394618383460099
1321,Retail,200830,0.14891924593309852
1322,Retail,145896,0.10662587713258212
1323,Healthcare,485425,0.12170425926605079
1324,Retail,260651,0.03948929881390911
1325,Technology,266940,0.03007424457860091
1326,Technology,165349,0.1368530932921422
1327,Energy,355045,0.0877681705448713
1328,Healthcare,44682,0.1349037665363934
1329,Technology,451470,0.036618108012015906
1330,Financials,409501,0.042023198524701114
1331,Technology,309433,0.11199074074077758
1332,Technology,168673,0.08398918944658738
1333,Financials,45256,0.049990945410787066
1334,Retail,134209,0.1256583187299123
1335,Healthcare,220323,0.006659476324155088
1336,Healthcare,10817,0.06395952199794569
1337,Technology,254033,0.05273204574126828
1338,Industrials,88894,0.13836488271769457
1339,Energy,433235,0.07516053626713233
1340,Retail,199213,0.05636636610525747
1341,Healthcare,58483,0.07214313456417609
1342,Industrials,208858,0.05736155358413527
1343,Healthcare,347866,0.07112280359009565
1344,Technology,67349,0.08511664715945425
1345,Energy,228200,0.10677056759067434
1346,Financials,325209,0.09285102217465875
1347,Industrials,145122,0.09427037098192909
1348,Retail,93806,0.018245161594949565
1349,Financials,456713,0.12494928921207873
1350,Healthcare,314379,0.10336812607433386
1351,Industrials,332405,0.06648957297818199
1352,Financials,341675,0.00836693744494338
1353,Technology,275457,0.1495892297948595
1354,Retail,227713,0.010518641931139962
1355,Energy,175577,0.14398903370303429
1356,Energy,488835,0.0475786084084628
1357,Industrials,198150,0.14191731290871457
1358,Financials,203376,0.04369607358013378
1359,Energy,391802,0.027341872542457138
1360,Industrials,52344,0.07463764020262516
1361,Technology,107734,0.008129759097037208
1362,Industrials,403931,0.05804393362094497
1363,Healthcare,449328,0.054887151689681064
1364,Retail,208668,0.039231156284817256
1365,Retail,82248,0.11329029338211524
1366,Industrials,112202,0.021893222941169195
1367,Retail,50855,0.04785211231347108
1368,Healthcare,287198,0.10047190168741521
1369,Energy,303252,0.1327135149174338
1370,Financials,145341,0.14093721052392125
1371,Financials,39064,0.015689715802792777
1372,Industrials,434720,0.036134535646136744
1373,Financials,407692,0.06064755096212056
1374,Retail,143210,0.1398356130255944
1375,Financials,305553,0.09913498744420478
1376,Energy,456987,0.06150230120621906
1377,Technology,485050,0.07831541992946875
1378,Financials,498496,0.016666250278778817
1379,Technology,196695,0.14240682453444756
1380,Retail,151227,0.07428549450877892
1381,Energy,298135,0.0907605945476992
1382,Energy,356661,0.07076970332417272
1383,Energy,84658,0.05324930793864861
1384,Financials,68207,0.10933272258998507
1385,Healthcare,19689,0.07267763463769368
1386,Financials,133046,0.10512043476607347
1387,Retail,134796,0.0353963042959248
1388,Technology,282035,0.0679625119670745
1389,Healthcare,103159,0.07643938196261961
1390,Financials,495417,0.13652699566207185
1391,Industrials,149805,0.012953469641158368
1392,Energy,164249,0.12093929599667905
1393,Healthcare,171247,0.10455111980746362
1394,Financials,281743,0.07570681061408686
1395,Technology,102156,0.14267244563024925
1396,Healthcare,250012,0.018288278828864295
1397,Energy,437383,0.021687749917947675
1398,Retail,64700,0.14833067345822468
1399,Retail,50016,0.06537585583778979
1400,Retail,469433,0.00896286637345375
1401,Retail,269038,0.03209599344125058
1402,Energy,95097,0.11206110763151757
1403,Retail,242053,0.12390274778297435
1404,Energy,155367,0.07271953544832592
1405,Healthcare,139344,0.09707341464729055
1406,Retail,413784,0.021087745215043825
1407,Industrials,426251,0.021880609817528953
1408,Industrials,422420,0.1460362133349773
1409,Financials,318434,0.014079716080800421
1410,Technology,346465,0.10582635235150123
1411,Retail,378178,0.049597694747058885
1412,Retail,21467,0.0745453183542989
1413,Healthcare,72388,0.018441095801919768
1414,Financials,315108,0.1391623111719516
1415,Industrials,452229,0.11545164421161684
1416,Retail,257993,0.11896527497281459
1417,Energy,392087,0.14533972721099844
1418,Technology,256568,0.10519075134385666
1419,Technology,329314,0.07107117646740553
1420,Technology,287987,0.09083772606290168
1421,Energy,391698,0.03374968917305598
1422,Technology,14366,0.14274187277702738
1423,Energy,372108,0.11789686531526333
1424,Industrials,266782,0.0545000077906943
1425,Energy,332576,0.1313256948024348
1426,Industrials,445638,0.03410215036365869
1427,Healthcare,439915,0.0521964727385158
1428,Financials,119801,0.10870916772625712
1429,Financials,422062,0.11642535162062524
1430,Financials,223635,0.09691374851056081
1431,Retail,182283,0.0809695408369291
1432,Healthcare,44495,0.07095539075397847
1433,Energy,324078,0.009591914396353707
1434,Industrials,382820,0.007660343232324956
1435,Energy,455667,0.0732333046412565
1436,Financials,485657,0.012966063685544968
1437,Industrials,293462,0.10302051810688138
1438,Energy,427691,0.034615289290116216
1439,Financials,330713,0.13069753468520956
1440,Energy,19136,0.07521452387107022
1441,Retail,149892,0.006838053834572835
1442,Healthcare,59171,0.08967644211290197
1443,Technology,106858,0.0870348519078057
1444,Technology,414074,0.07865154938730376
1445,Energy,422860,0.14980538742153565
1446,Financials,401365,0.12753430604507787
1447,Industrials,438232,0.14235560714824205
1448,Financials,364700,0.11577431034725656
1449,Energy,12495,0.032708822334681927
1450,Retail,74821,0.05639153839394319
1451,Healthcare,86259,0.04532851118641523
1452,Retail,249503,0.02147615195383841
1453,Retail,487813,0.03360108761599711
1454,Retail,457937,0.04361493550806001
1455,Retail,152172,0.019895629427657636
1456,Healthcare,443475,0.04000001330737385
1457,Industrials,89721,0.1387069924808421
1458,Healthcare,404720,0.06071933525623845
1459,Energy,200354,0.09862912053751975
1460,Energy,233726,0.09867545298534883
1461,Energy,263809,0.019561370724735228
1462,Financials,386414,0.0885402318059628
1463,Technology,162731,0.005639319192059114
1464,Healthcare,386424,0.05827470422948973
1465,Technology,465497,0.13204533810657973
1466,Retail,124309,0.12594673292787423
1467,Energy,384199,0.027055505520898304
1468,Retail,241474,0.07955726237618517
1469,Retail,403316,0.0921643323391344
1470,Technology,399360,0.020037745733014395
1471,Healthcare,149397,0.027463082859419258
1472,Healthcare,334390,0.13666746783371045
1473,Financials,204991,0.06252571001243776
1474,Financials,253097,0.0181547325539403
1475,Energy,87031,0.072649492699467
1476,Energy,395860,0.07796790880123872
1477,Technology,435047,0.1417839545705821
1478,Healthcare,439518,0.13105858298446926
1479,Financials,298617,0.12782824574630017
1480,Technology,284254,0.10575064458747581
1481,Healthcare,45032,0.10723445594476465
1482,Financials,332959,0.05465099639223098
1483,Financials,277955,0.0870972151165501
1484,Technology,403717,0.0766778186965084
1485,Industrials,193312,0.025781381967127422
1486,Financials,498890,0.08692832384519304
1487,Industrials,316772,0.08705702771036773
1488,Energy,446470,0.1124847710945795
1489,Technology,187266,0.08407985138412481
1490,Financials,243396,0.12567339783497114
1491,Retail,298706,0.08925726546062072
1492,Energy,291517,0.10103409998297107
1493,Energy,166402,0.06674613362438611
1494,Technology,434693,0.04201470777097672
1495,Financials,454272,0.06263243994817412
1496,Energy,91869,0.1465758393697294
1497,Energy,112534,0.0844530000090587
1498,Financials,100538,0.035364397404868825
1499,Technology,275960,0.13267121088314052
1500,Financials,260776,0.12341482744395953
1501,Retail,261657,0.11114367239978604
1502,Energy,99344,0.08774271029055472
1503,Industrials,435363,0.06955645884857015
1504,Industrials,419034,0.07745980605628669
1505,Energy,471945,0.09696884328996604
1506,Energy,192822,0.054336527947012714
1507,Retail,477935,0.06120168868400082
1508,Industrials,167142,0.11996080990674222
1509,Retail,496357,0.039971066595665156
1510,Retail,184325,0.10301150225644819
1511,Financials,53829,0.024721760987560452
1512,Financials,292218,0.10284632680755551
1513,Healthcare,60557,0.12600193508603982
1514,Healthcare,456366,0.1463505211796758
1515,Energy,175605,0.025825869605296408
1516,Financials,206496,0.07579547061136317
1517,Industrials,195588,0.13125650749087892
1518,Retail,484599,0.015275339660669664
1519,Financials,472072,0.03435363296862746
1520,Technology,332779,0.14600657618041002
1521,Technology,265499,0.13484042761168938
1522,Energy,287505,0.08730547759332623
1523,Energy,498182,0.0875102781587418
1524,Energy,227498,0.058695754848008846
1525,Energy,439730,0.12244781782339408
1526,Technology,146473,0.1255310521553302
1527,Financials,497257,0.07488296367714961
1528,Energy,58677,0.12038968563001966
1529,Energy,100516,0.05193589302634457
1530,Technology,41053,0.03841218177541322
1531,Energy,336036,0.016206441616683682
1532,Financials,480755,0.04577047917633822
1533,Energy,370793,0.04141762757249547
1534,Technology,280937,0.06787592124765984
1535,Industrials,326966,0.08088615277988703
1536,Financials,78098,0.10224876814545913
1537,Retail,161835,0.053466328784051186
1538,Industrials,488091,0.04784954079292275
1539,Technology,308563,0.01646077026025294
1540,Technology,182064,0.0700886902211881
1541,Retail,149276,0.12641955032595295
1542,Technology,288580,0.011979685116435962
1543,Retail,121156,0.048423925169323714
1544,Technology,289505,0.1065996317416361
1545,Retail,261710,0.12056093678611833
1546,Energy,287667,0.030123115621085966
1547,Financials,411205,0.013952822466302764
1548,Energy,391525,0.048825119741267034
1549,Technology,202174,0.10859400200435393
1550,Financials,325430,0.08547819896780236
1551,Healthcare,74702,0.14264128946744759
1552,Healthcare,287302,0.022881755688386875
1553,Technology,443079,0.07831331389610982
1554,Financials,183300,0.09343345842306058
1555,Technology,227356,0.08659455244963521
1556,Energy,291325,0.0976142519660912
1557,Energy,420704,0.03807593124404745
1558,Energy,359885,0.009003157041677302
1559,Retail,208867,0.1461080639632993
1560,Healthcare,318824,0.017728293816996532
1561,Industrials,61270,0.05522281984022789
1562,Energy,105327,0.06537120280901432
1563,Retail,386999,0.04313821197617122
1564,Retail,169623,0.07018471267103471
1565,Industrials,193371,0.12062792412055
1566,Retail,338261,0.03360449465496901
1567,Financials,63005,0.025927289648996953
1568,Healthcare,113224,0.03558195843779766
1569,Retail,85361,0.036682566328661556
1570,Energy,259505,0.07589564301542417
1571,Financials,481260,0.04645110774165043
1572,Industrials,292979,0.11154948565767803
1573,Energy,389607,0.04614127678596969
1574,Industrials,448631,0.04955656390688756
1575,Financials,23227,0.14589656948630322
1576,Retail,54663,0.040823041906778254
1577,Technology,245015,0.05642197717860739
1578,Energy,307346,0.06632625878843573
1579,Financials,385199,0.09517417295788085
1580,Energy,16003,0.08722527786974014
1581,Healthcare,276221,0.09774860670355737
1582,Industrials,273744,0.12152867829346022
1583,Healthcare,263277,0.10758811883752821
1584,Financials,297170,0.14705502710828283
1585,Technology,460928,0.1368712395240353
1586,Financials,374149,0.06120311921120866
1587,Healthcare,103109,0.11225229623973473
1588,Retail,171235,0.12223239783439942
1589,Financials,344840,0.12041543087054347
1590,Retail,109691,0.1476116150931693
1591,Energy,361790,0.10568754966551298
1592,Retail,303803,0.0648856917156458
1593,Financials,71607,0.013213711000613235
1594,Healthcare,127248,0.07685038117009182
1595,Technology,325439,0.009719121655953055
1596,Technology,105163,0.1425559769453972
1597,Energy,390083,0.14587120901439213
1598,Financials,333993,0.14625960465625773
1599,Industrials,297701,0.021369483243256344
1600,Healthcare,160636,0.14950690847940892
1601,Retail,344548,0.01748292217199146
1602,Financials,54950,0.07308027773829373
1603,Financials,364163,0.14489162932033833
1604,Industrials,133655,0.07740884408090982
1605,Financials,168825,0.03852765455774285
1606,Energy,318236,0.10802137810929774
1607,Technology,239217,0.13615928215682513
1608,Retail,203056,0.015022686777270162
1609,Industrials,488950,0.09420968406599635
1610,Healthcare,367902,0.10497842564480185
1611,Technology,81946,0.10059293515142952
1612,Retail,438079,0.023416885872860765
1613,Energy,205166,0.14068339556191312
1614,Financials,279009,0.1056890524079294
1615,Financials,107997,0.1102741446272381
1616,Energy,290320,0.1276389958491813
1617,Energy,447300,0.07255621131974851
1618,Retail,247479,0.078788219120132
1619,Retail,220699,0.10662752843293535
1620,Financials,112363,0.10229773855462018
1621,Energy,263956,0.12650718419365906
1622,Technology,270095,0.03502198457834299
1623,Energy,382129,0.09579189146782173
1624,Retail,347984,0.1001801168224578
1625,Energy,363428,0.1008630646697626
1626,Financials,62737,0.024737906430263207
1627,Industrials,218027,0.031339780767950055
1628,Industrials,144741,0.12033987636844085
1629,Industrials,17201,0.007844822084352212
1630,Technology,279768,0.10144799383739006
1631,Energy,460331,0.02639866739984213
1632,Energy,150272,0.12141669884680563
1633,Industrials,278885,0.10920614849250836
1634,Retail,38596,0.12366290458411311
1635,Industrials,111590,0.09228288140489974
1636,Healthcare,252013,0.06261459154338407
1637,Technology,407214,0.1336880140864052
1638,Financials,470298,0.10198003424105095
1639,Industrials,105425,0.10224494202982899
1640,Healthcare,320288,0.008820406530405753
1641,Financials,241007,0.07541603339431811
1642,Financials,422998,0.03941706090097117
1643,Healthcare,326593,0.021233622445585146
1644,Healthcare,498734,0.03194317236537682
1645,Healthcare,137795,0.14551036563889652
1646,Technology,181009,0.02678992188531376
1647,Healthcare,140112,0.07766536994861568
1648,Energy,303010,0.09745430475246977
1649,Financials,480953,0.022336912609482458
1650,Industrials,24436,0.025687276043463127
1651,Financials,481210,0.1356149545306598
1652,Retail,263549,0.11832371042974622
1653,Industrials,116997,0.08641161990120619
1654,Retail,115779,0.08371848025839318
1655,Financials,341190,0.02010741071264761
1656,Retail,116986,0.005493048189859
1657,Technology,497776,0.10828037734057663
1658,Retail,345756,0.028118388378447275
1659,Retail,57063,0.14577350072742298
1660,Technology,464201,0.10087700263199942
1661,Financials,346738,0.12116935885274965
1662,Financials,186469,0.05666252152645807
1663,Industrials,21450,0.10822188782344554
1664,Industrials,76662,0.022471266394963264
1665,Energy,166219,0.1274031025164838
1666,Retail,363982,0.060720128081415706
1667,Energy,129296,0.06111569008429957
1668,Industrials,380265,0.04821881388575075
1669,Industrials,284293,0.07631837946413655
1670,Healthcare,278202,0.08134776052828097
1671,Energy,382384,0.0996480275481474
1672,Healthcare,372433,0.036438835622871216
1673,Financials,225880,0.0566779929162792
1674,Retail,481457,0.07728233053103586
1675,Healthcare,423946,0.038187729349705
1676,Technology,138139,0.13961651718815268
1677,Retail,349325,0.1496779478858526
1678,Energy,425718,0.1414454402867937
1679,Retail,369643,0.03232507026656203
1680,Financials,239948,0.0901518487462948
1681,Retail,26567,0.08585169796517683
1682,Financials,191272,0.07838613842183663
1683,Technology,296730,0.0861332301337832
1684,Financials,198292,0.09105681450826328
1685,Technology,298838,0.05637880579160212
1686,Healthcare,478331,0.06694926340689823
1687,Energy,146926,0.07543634689674188
1688,Energy,406403,0.0517687024347957
1689,Retail,92271,0.09762192824853243
1690,Energy,246306,0.0314593932442106
1691,Healthcare,225496,0.13399137073224987
1692,Financials,62308,0.1357766213180414
1693,Technology,441367,0.1100159802782082
1694,Technology,80987,0.03624969148608743
1695,Industrials,257928,0.12140130137064875
1696,Retail,425921,0.08849553847870527
1697,Technology,281597,0.01964791505865383
1698,Energy,458961,0.11379067843559577
1699,Industrials,326278,0.07593073723857165
1700,Industrials,275602,0.114199523859261
1701,Energy,370573,0.061291140136591225
1702,Financials,95273,0.11300323792405269
1703,Industrials,59066,0.09442551475928894
1704,Financials,111422,0.11397453545471832
1705,Technology,443292,0.014280477299889672
1706,Industrials,399404,0.11294918016993342
1707,Technology,18765,0.08838907799829167
1708,Financials,176532,0.02753328775559403
1709,Industrials,156024,0.00661098492897917
1710,Industrials,94944,0.050246210938857644
1711,Energy,138055,0.12910499460355235
1712,Energy,363353,0.11821120748597337
1713,Technology,66359,0.04130819041278814
1714,Retail,347076,0.14409482251257238
1715,Healthcare,297203,0.005272774024673912
1716,Financials,311548,0.01832078225962688
1717,Technology,83299,0.14158941442853104
1718,Financials,422884,0.05600987430298875
1719,Healthcare,141266,0.1239184028019628
1720,Healthcare,286530,0.006992858293966627
1721,Retail,74626,0.06383019732111317
1722,Industrials,360805,0.008504143032583598
1723,Energy,254841,0.1020906839092272
1724,Industrials,312201,0.09752960274618648
1725,Industrials,367830,0.04788071965954385
1726,Healthcare,286635,0.07825118973587514
1727,Industrials,452606,0.12384602491268329
1728,Healthcare,392444,0.11920448910234885
1729,Energy,434095,0.10329955585715374
1730,Financials,216275,0.10108052841452494
1731,Retail,289504,0.12307519355191253
1732,Financials,258420,0.08984715305195941
1733,Financials,248661,0.1168312027327149
1734,Technology,244664,0.05436196857879614
1735,Financials,416761,0.11468742773878479
1736,Healthcare,64401,0.015500185422289588
1737,Technology,249877,0.1252284432795406
1738,Industrials,148939,0.09599459227472007
1739,Energy,21104,0.0781755696076659
1740,Energy,307475,0.025309516431554577
1741,Retail,278513,0.14723504267705084
1742,Energy,182807,0.04774799092466956
1743,Financials,349140,0.07744089599671776
1744,Healthcare,233358,0.09755845049248524
1745,Industrials,37656,0.09578781949759752
1746,Industrials,418159,0.07331396441107808
1747,Financials,26641,0.12748975156340506
1748,Technology,409557,0.10770792059776099
1749,Retail,99035,0.1154808528256171
1750,Financials,258513,0.08188560953355609
1751,Healthcare,453752,0.03305315042012902
1752,Healthcare,179281,0.008164634096295045
1753,Technology,164488,0.07870716641032423
1754,Industrials,142574,0.14615787442462955
1755,Industrials,432523,0.04676986640258758
1756,Energy,176634,0.04385671678494225
1757,Technology,161299,0.1383936205980569
1758,Technology,258706,0.04652916555164893
1759,Technology,341614,0.08332091413087392
1760,Financials,218779,0.03349170613190852
1761,Retail,195939,0.13725210685940917
1762,Financials,65275,0.09337650811282645
1763,Industrials,140011,0.0431007596780537
1764,Industrials,211234,0.04811604600790508
1765,Financials,238249,0.11124719000831772
1766,Technology,453348,0.055652373190285216
1767,Healthcare,252115,0.012875320947212516
1768,Industrials,299733,0.0949361941664892
1769,Industrials,481878,0.06157884110446738
1770,Energy,405346,0.1408243703806383
1771,Financials,307381,0.07376874176113196
1772,Retail,296483,0.049102387421029986
1773,Healthcare,89442,0.13832199393525713
1774,Industrials,331035,0.10781901776565522
1775,Healthcare,76419,0.10675206957763786
1776,Technology,312303,0.04929932256325226
1777,Technology,253733,0.1380482057440931
1778,Healthcare,193849,0.058112784667913454
1779,Healthcare,63217,0.026429193361414496
1780,Retail,131555,0.12837872984850257
1781,Industrials,123794,0.010510651268183607
1782,Financials,344986,0.05138630323035899
1783,Healthcare,352253,0.05189081974966939
1784,Healthcare,29778,0.08685813631823976
1785,Financials,426786,0.07645356551544047
1786,Energy,256815,0.02369208530737996
1787,Energy,413551,0.11383675572866965
1788,Financials,175751,0.12364207762863169
1789,Financials,457712,0.10851221705340561
1790,Financials,357706,0.04010802871113736
1791,Retail,379116,0.016764635917426975
1792,Retail,368679,0.019546049546412366
1793,Energy,194028,0.06491730632155909
1794,Energy,150716,0.04186193505233081
1795,Financials,424887,0.04911600880499154
1796,Retail,129528,0.05285580073896431
1797,Energy,36639,0.10903351545569917
1798,Industrials,93250,0.13618711331078875
1799,Retail,451260,0.09325984683776044
1800,Technology,84253,0.12781249349691323
1801,Technology,171128,0.09953542328690371
1802,Financials,193887,0.1408302281202489
1803,Retail,191939,0.06840294417657339
1804,Energy,47137,0.0066509061214697265
1805,Technology,414585,0.07484356935557566
1806,Healthcare,431605,0.11214682504629415
1807,Energy,220866,0.12565525882032416
1808,Healthcare,487728,0.13014126756951652
1809,Retail,265324,0.14522395783807457
1810,Retail,426375,0.02614968487358067
1811,Healthcare,212061,0.12838616162516078
1812,Healthcare,235730,0.12442714293373434
1813,Energy,499429,0.05561643275201374
1814,Technology,440588,0.09295937718599602
1815,Technology,189050,0.12567989206021016
1816,Healthcare,220212,0.04212463001755742
1817,Financials,368765,0.0327149791279682
1818,Industrials,298392,0.12035650878828424
1819,Healthcare,397556,0.058631246151737315
1820,Technology,415045,0.025383920693918656
1821,Retail,259581,0.08024644752670192
1822,Energy,227584,0.01971968622497314
1823,Industrials,260805,0.016992860626648384
1824,Financials,350387,0.045792341983483434
1825,Industrials,260698,0.09101283775248063
1826,Technology,489945,0.04934805117920478
1827,Healthcare,251614,0.08027850119402531
1828,Energy,184383,0.031095909333308736
1829,Financials,371059,0.0851425793011332
1830,Financials,290347,0.1345420396838609
1831,Healthcare,12730,0.04365193595038088
1832,Energy,181876,0.09618754039854668
1833,Financials,204073,0.13055955025126398
1834,Technology,174841,0.13613953818216215
1835,Energy,214634,0.0952324138313769
1836,Industrials,472434,0.14471528151944513
1837,Retail,484615,0.060553831281421076
1838,Energy,164777,0.04481304518750858
1839,Energy,263905,0.02516826844493267
1840,Financials,141301,0.1093576220925591
1841,Financials,111873,0.11590647580291775
1842,Industrials,154469,0.12759792247739704
1843,Financials,261962,0.022987680783591053
1844,Energy,99684,0.07755483940849202
1845,Retail,75958,0.04435780450767219
1846,Technology,84473,0.08848770265633239
1847,Energy,40246,0.0822969277231077
1848,Industrials,233902,0.04470189183772782
1849,Healthcare,182501,0.08075130709732622
1850,Healthcare,333255,0.02666625262012046
1851,Retail,32534,0.10516132468974382
1852,Retail,63957,0.01936394580686899
1853,Energy,446739,0.039216373529642315
1854,Healthcare,295004,0.0628432606019785
1855,Healthcare,440935,0.11568834482253833
1856,Retail,32259,0.09087924480927782
1857,Energy,229875,0.140252436703131
1858,Industrials,439387,0.01756842009580384
1859,Technology,165053,0.012675211175019366
1860,Healthcare,202049,0.10699896600167266
1861,Technology,54047,0.07755145571006906
1862,Financials,252735,0.1267224824373916
1863,Financials,225648,0.09512377142278268
1864,Retail,116557,0.05150773101738573
1865,Technology,329582,0.10735863097974385
1866,Healthcare,303203,0.008284346820990766
1867,Technology,113998,0.06189532258242787
1868,Healthcare,328613,0.14815981194685832
1869,Technology,185966,0.14745945236106858
1870,Industrials,120186,0.12533775962365912
1871,Financials,357099,0.015142435744165648
1872,Financials,118315,0.10807960026939407
1873,Industrials,125760,0.09245109355980387
1874,Healthcare,134120,0.046599914220244835
1875,Energy,217828,0.1426911100527283
1876,Technology,278945,0.0765043224101567
1877,Retail,332738,0.12901799948456857
1878,Energy,493496,0.13880771974260278
1879,Energy,185100,0.05729369110446988
1880,Healthcare,172833,0.10454404771149814
1881,Retail,199583,0.13817074275464078
1882,Financials,487996,0.029542585966093875
1883,Industrials,228349,0.026123447643238554
1884,Financials,370494,0.08183698231934139
1885,Financials,430160,0.08381186976944566
1886,Financials,498013,0.07457718393844508
1887,Financials,14648,0.032431590330351444
1888,Technology,418128,0.03263508278001683
1889,Financials,432862,0.07942361321660056
1890,Energy,406841,0.06342906453740706
1891,Technology,455487,0.01482140725442269
1892,Healthcare,295104,0.10121182999041134
1893,Financials,407210,0.08448462296821337
1894,Retail,330033,0.057195297332801376
1895,Healthcare,45439,0.0760479079208692
1896,Healthcare,305740,0.007661013556783274
1897,Healthcare,377491,0.14683520758856
1898,Healthcare,466335,0.14362892811923883
1899,Energy,157413,0.008716225088178351
1900,Retail,373041,0.08206309343336991
1901,Energy,417467,0.1443552866320607
1902,Industrials,155881,0.11607873737867143
1903,Healthcare,98555,0.009598258684161396
1904,Energy,466785,0.10013187894529324
1905,Energy,28750,0.08701737425509981
1906,Retail,204773,0.09731682849348242
1907,Healthcare,330145,0.05440339511254592
1908,Technology,393141,0.01448149324700861
1909,Technology,161630,0.04072918579231432
1910,Healthcare,67886,0.08100172801043076
1911,Industrials,296628,0.026924864733400937
1912,Technology,327878,0.12381129143338238
1913,Industrials,460922,0.0384106586740488
1914,Retail,287961,0.0352223766277957
1915,Financials,493718,0.015336693527757881
1916,Industrials,197065,0.006141295136021828
1917,Healthcare,184501,0.11735346168326916
1918,Technology,70446,0.1363892283374568
1919,Technology,235797,0.13833582196878494
1920,Energy,487252,0.09821469548227667
1921,Energy,58600,0.08479064383466546
1922,Financials,361090,0.08705178917895912
1923,Industrials,270480,0.02690555350076436
1924,Industrials,82663,0.03462813980913289
1925,Technology,31080,0.007815844982610225
1926,Financials,303416,0.052660236750516544
1927,Industrials,308775,0.019201680640757283
1928,Industrials,316040,0.1061338861902216
1929,Energy,144798,0.04102328299550996
1930,Healthcare,407668,0.10752076574020952
1931,Healthcare,228139,0.06802521531403881
1932,Financials,150220,0.11672475670914985
1933,Industrials,256285,0.042479875847309397
1934,Technology,498317,0.11985282998329197
1935,Technology,45985,0.07856552205125444
1936,Energy,234344,0.039662857802282715
1937,Industrials,288628,0.0296725789523143
1938,Healthcare,379514,0.14749386738280246
1939,Retail,181535,0.06499754740207649
1940,Financials,212044,0.1107246866150039
1941,Industrials,458812,0.052549099651260506
1942,Financials,459262,0.0499528292330316
1943,Retail,396649,0.12715195810165814
1944,Retail,77132,0.12432061822000762
1945,Financials,418413,0.14832434743732448
1946,Energy,491404,0.006486143637150721
1947,Healthcare,227932,0.05689143650346941
1948,Energy,463031,0.08516103432841603
1949,Healthcare,11107,0.02861377374325563
1950,Industrials,258092,0.031953947413587556
1951,Energy,424757,0.13602978647970917
1952,Healthcare,245730,0.10227958195928306
1953,Financials,400713,0.050815520949569426
1954,Healthcare,371488,0.12003830112272004
1955,Financials,376437,0.12072931073947507
1956,Energy,250770,0.11591367010415456
1957,Retail,369959,0.010908399472364851
1958,Healthcare,369691,0.13389012696356206
1959,Technology,426222,0.11321622131941182
1960,Energy,428499,0.13286623816943013
1961,Technology,61793,0.14420272213050037
1962,Technology,304845,0.055504787711842946
1963,Healthcare,357243,0.070326517289469
1964,Energy,274184,0.018661689621602515
1965,Healthcare,83281,0.08896947059329585
1966,Healthcare,489983,0.029650011102822223
1967,Retail,216616,0.06292178313101558
1968,Technology,455280,0.066800749423177
1969,Industrials,218782,0.08415596530156993
1970,Technology,383732,0.016541379073604208
1971,Technology,443725,0.09713369466568217
1972,Industrials,381128,0.03816203226662059
1973,Energy,342832,0.12142647912358746
1974,Industrials,124262,0.07103495024796978
1975,Healthcare,360125,0.08234379729021885
1976,Retail,335549,0.1299822051738516
1977,Energy,137537,0.012050824193736896
1978,Financials,283846,0.06516435843451998
1979,Healthcare,477897,0.14741855869854062
1980,Industrials,336555,0.07709576062195456
1981,Retail,132284,0.09865576716883467
1982,Industrials,62768,0.032039639725372514
1983,Industrials,477711,0.13866734362435273
1984,Energy,414223,0.05844080780656004
1985,Financials,85891,0.13504691978869765
1986,Healthcare,334441,0.08712431306150323
1987,Industrials,439978,0.0773190339717497
1988,Industrials,448363,0.1381746782063709
1989,Industrials,174355,0.0979230745137684
1990,Financials,261954,0.14407804046748585
1991,Financials,286803,0.1156451496523726
1992,Retail,197778,0.07732032523887997
1993,Technology,208464,0.03908822645727891
1994,Retail,267352,0.10623838663678586
1995,Financials,85149,0.14045626536072756
1996,Energy,440031,0.09075006047293567
1997,Technology,451227,0.007186948019215326
1998,Healthcare,488694,0.02364890342287879
1999,Energy,494806,0.04393133098848827
2000,Retail,119163,0.0728600510610803